<?xml version="1.0" encoding="utf-8" ?>
<dwsync>
<file name="stars.svg" server="C:/Users/alexa/Documents/Sitio sin nombre 2/" local="131996150426972263" remote="131996150420000000" Dst="0" />
<file name="twitter-icon.png" server="C:/Users/alexa/Documents/Sitio sin nombre 2/" local="131998599307317248" remote="131998599300000000" Dst="0" />
<file name="linkedin-icon.png" server="C:/Users/alexa/Documents/Sitio sin nombre 2/" local="131998718371348585" remote="131998718370000000" Dst="0" />
<file name="github-icon.png" server="C:/Users/alexa/Documents/Sitio sin nombre 2/" local="131998593483053615" remote="131998593480000000" Dst="0" />
<file name="Mis objetivos.svg" server="C:/Users/alexa/Documents/Sitio sin nombre 2/" local="131996601005723180" remote="131996601000000000" Dst="0" />
<file name="Computacion.svg" server="C:/Users/alexa/Documents/Sitio sin nombre 2/" local="131996631969756379" remote="131996631960000000" Dst="0" />
<file name="Pasatiempos.svg" server="C:/Users/alexa/Documents/Sitio sin nombre 2/" local="131996633234364225" remote="131996633230000000" Dst="0" />
<file name="Contacteme.svg" server="C:/Users/alexa/Documents/Sitio sin nombre 2/" local="131996670994538588" remote="131996670990000000" Dst="0" />
<file name="Acerca de.svg" server="C:/Users/alexa/Documents/Sitio sin nombre 2/" local="131996675228250046" remote="131996675220000000" Dst="0" />
</dwsync>